disease_id,variant_id
8,3
13,3
18,3
23,3
28,3
33,3
38,3
43,3
48,3
56,51
61,51
66,51
71,51
76,51
81,51
89,84
94,84
99,84
104,84
109,84
114,84
119,84
124,84
129,84
134,84
139,84
144,84
149,84
154,84
159,84
164,84
169,84
174,84
179,84
186,181
191,181
196,181
201,181
206,181
211,181
216,181
221,181
226,181
231,181
236,181
241,181
246,181
251,181
256,181
261,181
266,181
271,181
276,181
281,181
286,181
291,181
296,181
301,181
306,181
311,181
316,181
321,181
